record_id,field_changed,previous_value,corrected_value,reason,audit_basis
REC_001,photo_type,Family photo,Unknown,The text names Grandma's cat. It does not call the photo a family photo.,High-strength audit: photo type inferred
REC_001,remembered_clues,Grandma; cat; time frame (years),Grandma; cat; a remembered time frame,"Grandma, the cat, and a remembered time frame are stated. '(years)' described the length of scrolling.",High-strength audit: remembered-clue paraphrase
REC_002,primary_failure_stage,F1 — Recall Gap,F8 — Unknown / Insufficient Evidence,The post says a date must be remembered and the history scrolled. It does not say the date was forgotten.,Stage audit: F1 not supported; F8 safer
REC_002,remembered_clues,date of capture,Unknown,The post does not say the capture date is remembered. It says the date has to be remembered.,Stage audit: remembered clue contradicted F1 and is not explicit
REC_002,candidate_overload_signal,No,Unknown,Candidate volume is not discussed.,Signal rule: No was absence of evidence
REC_002,recognition_difficulty_signal,No,Unknown,Recognition difficulty is not discussed.,Signal rule: No was absence of evidence
REC_002,query_difficulty_signal,No,Unknown,Query wording is not discussed.,Signal rule: No was absence of evidence
REC_002,human_review_reason,A specific failure stage was assigned without a failure reason.,"Phase 3 audit: a required date and scrolling are stated, but a forgotten date is not, so F1 was changed to F8.",The previous review reason described a missing failure reason. The stage itself was unsupported.,Human-review audit: REC_002
REC_003,primary_failure_stage,F5 — Recognition Gap,F1 — Recall Gap,"The person states they do not remember when the older photo was taken. No candidate results are described, so F5 is not kept.",F5 audit: REC_003 over-attributed; forgotten date is explicit
REC_003,secondary_failure_stage,F1 — Recall Gap,None,"The supported recall gap is now the primary stage, so it is not repeated as secondary.",F5 audit: REC_003
REC_003,candidate_overload_signal,Yes,Unknown,A large library is mentioned. Returned candidates are not described.,F5 audit: overload signal inferred
REC_003,recognition_difficulty_signal,Yes,Unknown,The post does not show the person failing to recognize surfaced candidates.,F5 audit: recognition signal inferred
REC_003,failure_reason,Unable to locate the older photo among many images and lacking date information,The person does not remember when the older photo was taken and cannot find it among many photos.,"The reason now follows the stated forgotten date and the stated large library, without a recognition claim.",F5 audit: REC_003
REC_003,human_review_reason,Evidence is brief and ambiguous regarding specific search behaviors and signals,Phase 3 audit: F5 was removed because no candidate results are described. F1 remains because the date is explicitly forgotten. How the large library blocks retrieval is still unresolved.,Review stays on because the large-library part is not a demonstrated recognition failure.,Human-review audit: REC_003
REC_004,failure_reason,Difficulty recognizing target photo among many similar images,The person cannot easily find specific photos while looking through an album of more than 1400 pictures.,The album size and looking through it are stated. Visual similarity is not stated.,"F5 audit: REC_004 supported, but 'similar images' was inferred"
REC_004,manual_browsing_behavior,Scrolling through many thumbnails,Looking through more than 1400 pictures in an album,The post says 'looking thru 1400 pics.' It does not say thumbnails.,F5 audit: thumbnail wording inferred
REC_004,retrieval_outcome,Not Found,Unknown,The post says the pictures are not easy to find. It does not say they were not found.,F5 audit: Not Found was stronger than the text
REC_005,photo_type,photo,Unknown,Bike is the search term. The photo type is not specified.,Stage audit: generic photo type
REC_005,retrieval_outcome,Not Found,Unknown,Unrelated photos were returned. The post does not say a particular photo was absent.,Stage audit: Not Found was stronger than unrelated results
REC_006,primary_failure_stage,F7 — Coverage / Indexing Gap,F8 — Unknown / Insufficient Evidence,Six dog photos were returned and date search works. That does not separate a candidate gap from an indexing gap.,"F7 audit: REC_006 ambiguous, indexing not proven"
REC_006,failure_reason,Photos not indexed for keyword search,Searching for dog returns only 6 pictures although the person is sure more dog photos exist. Searching by date works.,The previous reason said the photos were not indexed. The text does not say that.,F7 audit: 'not indexed' inferred
REC_006,recognition_difficulty_signal,No,Unknown,Recognition is not discussed.,Signal rule: No was absence of evidence
REC_006,query_difficulty_signal,No,Unknown,The post does not say whether forming the query was difficult.,Signal rule: No was absence of evidence
REC_006,manual_scroll_signal,No,Unknown,Scrolling is not discussed.,Signal rule: No was absence of evidence
REC_006,confidence,Medium,Low,The observed search result does not identify one failure stage.,F7 audit: REC_006
REC_006,needs_human_review,False,True,The stage is unresolved between not surfacing the photos and an indexing explanation.,F7 audit: REC_006 ambiguous
REC_006,human_review_reason,,Phase 3 audit: keyword search returned 6 dog photos and date search works. That does not establish an indexing failure.,This record was not previously flagged. The F7 label was ambiguous.,F7 audit: REC_006
REC_007,primary_failure_stage,F7 — Coverage / Indexing Gap,F8 — Unknown / Insufficient Evidence,The person says renamed keywords no longer look like they work. No specific search result is shown.,F7 audit: REC_007 ambiguous and tentative
REC_007,retrieval_outcome,Not Found,Unknown,The post does not report a completed search result.,F7 audit: REC_007
REC_007,failure_reason,Search does not retrieve items renamed with keywords,The person says renaming photos or videos with keywords no longer looks like it works for finding them.,The previous reason stated a definite retrieval failure. The text says it does not look like it will work anymore.,F7 audit: REC_007
REC_007,ai_interpretation,User cannot find photos/videos using previously assigned keyword filenames; search appears ineffective,The person asks how to search for specific photos or videos and says keyword renaming no longer looks like it works.,The previous interpretation said the person cannot find the files. The text is more tentative.,F7 audit: REC_007
REC_007,needs_human_review,False,True,The stage is unresolved.,F7 audit: REC_007
REC_007,human_review_reason,,Phase 3 audit: renamed keywords are said to no longer look usable. No indexing failure or specific result is shown.,This record needed a safer stage than F7.,F7 audit: REC_007
REC_008,primary_failure_stage,F7 — Coverage / Indexing Gap,F8 — Unknown / Insufficient Evidence,"Search is described as now feeling nearly impossible. No query, result, or indexing detail is given.",F7 audit: REC_008 over-attributed; F8 safer
REC_008,retrieval_outcome,Not Found,Unknown,Nearly impossible is not a stated not-found result.,Human-review audit: REC_008 outcome too definite
REC_008,failure_reason,"Search no longer effective, unable to locate photos",The person says that finding photos with search now feels nearly impossible.,The previous reason said photos could not be located. The text describes a feeling that search has become nearly impossible.,F7 audit: REC_008
REC_008,human_review_reason,Brief evidence with limited specifics,Phase 3 audit: the comment says search now feels nearly impossible. That is too general for an indexing stage. F8 is safer.,The previous review note said the evidence was brief. The stage was also an unsupported indexing label.,Human-review audit: REC_008
REC_009,primary_failure_stage,F7 — Coverage / Indexing Gap,F8 — Unknown / Insufficient Evidence,"A basic search said not found. That does not show why, and it does not show an indexing failure.",F7 audit: REC_009 over-attributed; F8 safer
REC_009,recognition_difficulty_signal,No,Unknown,"No candidates are described, so recognition was not observed either way.",Signal rule: No was absence of evidence
REC_009,manual_scroll_signal,No,Unknown,Scrolling is not discussed.,Signal rule: No was absence of evidence
REC_009,needs_human_review,False,True,The stage is unresolved.,F7 audit: REC_009
REC_009,human_review_reason,,Phase 3 audit: the search said not found. A missing result is not evidence of an indexing failure.,This record was not previously flagged. The audit named it as a clear F8 case.,F7 audit: REC_009 was a clear candidate for F8
REC_010,primary_failure_stage,F4 — Candidate Gap,F8 — Unknown / Insufficient Evidence,Older photos cannot be viewed for long and the place in the library is lost. That is not evidence the photo was absent from search results.,Stage audit: REC_010 F4 ambiguous; F8 safer
REC_010,retrieval_outcome,Not Found,Unknown,The post does not say whether the photo was found.,Stage audit: REC_010
REC_010,evidence_strength_reason,"Brief statement indicating difficulty viewing older photos, suggesting a candidate gap",Brief statement that older photos cannot be viewed for long and the place in browsing is lost.,The previous reason suggested a candidate gap. The audit did not accept that stage.,Stage audit: REC_010
REC_010,ai_interpretation,"User cannot view older photos long enough and loses place while searching, hindering retrieval",The person says older photos cannot be viewed for long and they lose their place while looking for something.,The previous interpretation added that retrieval was hindered beyond what the sentence says.,Stage audit: REC_010
REC_010,needs_human_review,False,True,The stage is unresolved.,Stage audit: REC_010 ambiguous
REC_010,human_review_reason,,Phase 3 audit: losing one's place while viewing older photos does not show that the photo was missing from candidates.,This record was not previously flagged. F4 was ambiguous.,Stage audit: REC_010
REC_011,primary_failure_stage,F7 — Coverage / Indexing Gap,F8 — Unknown / Insufficient Evidence,"Search for Sunfish found nothing. That shows the photos were not surfaced. It does not show an indexing failure, and F4 would also be an unforced choice.",F7 audit: REC_011 over-attributed; mechanism left unknown
REC_011,recognition_difficulty_signal,No,Unknown,No candidates were described.,Signal rule: No was absence of evidence
REC_011,query_difficulty_signal,No,Unknown,A query was stated. Difficulty forming it was not discussed.,Signal rule: No was absence of evidence
REC_011,manual_scroll_signal,No,Unknown,The post says scrolling half a million photos is not practical. It does not report whether scrolling happened.,Signal rule: No was absence of evidence
REC_011,ai_interpretation,"User searched for ""Sunfish"" in a half‑million‑photo Google Photos library but got no results, indicating a likely indexing/coverage issue.","The person searched for Sunfish in a library of over half a million photos and the search found nothing, although they say they have hundreds of close-up photos.",The previous interpretation added a likely indexing or coverage issue. The text does not say that.,High-strength audit: REC_011 indexing inference
REC_011,confidence,High,Low,"The failed search is specific, but the failure stage is not.",High-strength audit: High confidence in F7 was too strong
REC_011,needs_human_review,False,True,Not surfaced and not indexed cannot be separated here.,F7 audit: REC_011
REC_011,human_review_reason,,Phase 3 audit: Sunfish search found nothing. That does not prove an indexing or coverage failure.,High confidence in F7 was stronger than a not-found search.,"F7 audit: REC_011 reads as not surfaced, without a proven mechanism"
REC_012,primary_failure_stage,F3 — Interpretation Gap,F8 — Unknown / Insufficient Evidence,"Yellow-truck search returns 2 of 10 days, and pickup-truck phrasing changes which trucks remain. F3 and F4 both fit, so neither is forced.",High-strength and human-review audit: REC_012 ambiguous between F3 and F4
REC_012,reformulation_behavior,Unknown,"Tried a different phrasing, 'pickup truck', after 'yellow truck'.",The phrasing change is explicit. Unknown had hidden that stated behavior after a bare Yes/No answer was rejected.,Human-review audit: REC_012 reformulation is explicit
REC_012,query_difficulty_signal,Yes,Unknown,Two phrasings are stated. The post does not say forming the query was difficult.,REC_012 audit: preserve only explicit behavior
REC_012,candidate_overload_signal,No,Unknown,"The post describes too few days, not too many candidates.",Signal rule: No was not established
REC_012,recognition_difficulty_signal,No,Unknown,Recognition difficulty is not discussed.,Signal rule: No was absence of evidence
REC_012,ai_interpretation,"User searches for ""yellow truck"" and gets only 2 of 10 relevant days; trying ""pickup truck"" adds some results but loses others, indicating the query is not fully capturing all relevant photos",The person asks for yellow truck and gets 2 of 10 days of yellow-truck photos. Trying pickup truck adds some trucks and also drops some yellow trucks found first.,The previous interpretation concluded that the query was not capturing all relevant photos. The correction keeps the stated results only.,REC_012 audit: do not infer an unsupported mechanism
REC_012,confidence,High,Low,"The evidence is specific, but it does not choose between F3 and F4.",High-strength audit: High confidence on F3 alone was too strong
REC_012,human_review_reason,"reformulation_behavior was Yes/No rather than a described behavior, so it was set to Unknown.","Phase 3 audit: the change from yellow truck to pickup truck is explicit. The partial, unstable results fit both an interpretation gap and a candidate gap, so the stage is F8.",The earlier review note only explained a Yes/No reformulation value. The stage is also ambiguous.,Human-review audit: REC_012
REC_013,primary_failure_stage,F7 — Coverage / Indexing Gap,F8 — Unknown / Insufficient Evidence,Dog search returns a subset. Blowtorch search returns eight photos with no blowtorch. One indexing stage does not cover both.,F7 audit: REC_013 over-attributed
REC_013,retrieval_outcome,Not Found,Partially Found,"The dog search returns a tiny subset, so Not Found is too strong for the record as a whole.",High-strength audit: REC_013 outcome
REC_013,failure_reason,Search results do not include expected photos,"Dog search returns a tiny subset of the photos previously returned. Blowtorch search returns eight photos, none of which contains a blowtorch.",The previous reason collapsed both searches into missing expected photos and an indexing stage.,F7 audit: REC_013
REC_013,ai_interpretation,"User reports that searching for 'dog' returns only a few photos and searching for 'blowtorch' returns eight results that do not contain a blowtorch, indicating difficulty retrieving known photos.","Searching for dog now returns a tiny subset of the photos previously returned. Searching for blowtorch returns eight photos, none of which contains a blowtorch.",The previous interpretation added a general retrieval-difficulty conclusion beyond the two stated searches.,High-strength audit: REC_013
REC_013,candidate_overload_signal,No,Unknown,Result counts are small. Overload is not discussed.,Signal rule: No was absence of evidence
REC_013,recognition_difficulty_signal,No,Unknown,Recognition difficulty is not discussed.,Signal rule: No was absence of evidence
REC_013,query_difficulty_signal,No,Unknown,The queries are stated. Difficulty forming them is not discussed.,Signal rule: No was absence of evidence
REC_013,confidence,High,Low,"The two searches are specific, but they do not support one failure stage.",High-strength audit: High confidence in one F7 label was too strong
REC_013,needs_human_review,False,True,The two searches point in different directions.,F7 audit: REC_013
REC_013,human_review_reason,,Phase 3 audit: the dog search is partial and the blowtorch search returns the wrong photos. Neither result establishes one indexing failure.,This record was not previously flagged. One F7 label did not fit both searches.,F7 audit: REC_013
REC_014,primary_failure_stage,F4 — Candidate Gap,F8 — Unknown / Insufficient Evidence,"Keywords now return screenshots of text, and the photo can still be found manually. That fits both poor interpretation and the photo not being surfaced.",Stage audit: REC_014 ambiguous between F3 and F4
REC_014,retrieval_outcome,Not Found,Unknown,"Keyword search does not find the photo, but the person says they can still find it manually.",Stage audit: REC_014 mixed outcome
REC_014,candidate_overload_signal,No,Unknown,Overload is not discussed.,Signal rule: No was absence of evidence
REC_014,recognition_difficulty_signal,No,Unknown,Recognition difficulty is not discussed.,Signal rule: No was absence of evidence
REC_014,query_difficulty_signal,No,Unknown,The post does not say the keywords were hard to choose.,Signal rule: No was absence of evidence
REC_014,confidence,Medium,Low,"The screenshot result is clear, but the failure stage is not unique.",Stage audit: REC_014
REC_014,needs_human_review,False,True,F3 and F4 both remain available.,Stage audit: REC_014 ambiguous
REC_014,human_review_reason,,"Phase 3 audit: keyword search now returns screenshots containing the words, while the photo can still be found manually. The stage is not forced.",This record was not previously flagged. F3 and F4 both remain possible.,Stage audit: REC_014
REC_017,recognition_difficulty_signal,No,Unknown,The post does not describe difficulty recognizing a photo among the date's photos.,Signal rule: No was absence of evidence
REC_017,query_difficulty_signal,No,Unknown,Several options were tried. The post does not say the query was hard to express.,Signal rule: No was absence of evidence
REC_019,manual_scroll_signal,Yes,Unknown,The person says they dug for a long time. Scrolling is not stated.,High-strength audit: scroll inferred from digging
REC_019,workaround,Manual digging through results,Digging for a long time,The text says the video was located by digging for a long time. It does not say this was digging through results.,High-strength audit: REC_019
REC_019,ai_interpretation,"User tagged a video, tried exact‑phrase search, got no results, and eventually found it by manually scrolling for a long time","The person tagged a video in the info field, searched the exact phrase, and Photos located nothing. They later located it by digging for a long time.",The previous interpretation called the digging manual scrolling. Scrolling is not stated.,High-strength audit: REC_019 scroll inference
REC_020,primary_failure_stage,F7 — Coverage / Indexing Gap,F8 — Unknown / Insufficient Evidence,"Searching the remembered yellow-sticky-note words usually finds nothing. That does not prove an indexing failure, and it also does not have to be forced into F4.",F7 audit: REC_020 over-attributed; forgotten clues stay Unknown
REC_020,candidate_overload_signal,No,Unknown,Candidate volume is not discussed.,Human-review audit: REC_020 No signals
REC_020,recognition_difficulty_signal,No,Unknown,Recognition is not discussed.,Human-review audit: REC_020 No signals
REC_020,manual_scroll_signal,No,Unknown,Scrolling is not discussed.,Human-review audit: REC_020 No signals
REC_020,confidence,High,Low,The not-found search is clear. The failure stage is not.,F7 audit: REC_020
REC_020,human_review_reason,"Forgotten clues included details that are not in the evidence, so the field was set to Unknown.","Phase 3 audit: forgotten clues stay Unknown. The yellow-sticky-note search usually finds nothing, which does not establish an indexing failure.",The earlier review note corrected invented forgotten clues. The F7 stage was also unsupported.,Human-review audit: REC_020
REC_021,primary_failure_stage,F5 — Recognition Gap,F8 — Unknown / Insufficient Evidence,A long list makes a specific photo hard to search. The post does not show candidates being recognized or missed.,F5 audit: REC_021 over-attributed; F8 safer
REC_021,candidate_overload_signal,Yes,Unknown,A long list is mentioned. It is not shown to be a set of surfaced candidates.,F5 audit: REC_021 signal inferred
REC_021,recognition_difficulty_signal,Yes,Unknown,Recognition difficulty is not described.,F5 audit: REC_021 signal inferred
REC_021,failure_reason,Difficulty due to many results making it hard to locate the specific photo,Unknown,The previous reason turned a long list into many results and a recognition problem.,F5 audit: REC_021
REC_021,ai_interpretation,User finds it very difficult to locate a specific photo because the list of results is very long,The person says it is very difficult to search for a specific photo in a very long list.,The previous interpretation added a long list of results and a recognition problem.,F5 audit: REC_021
REC_021,human_review_reason,"Evidence is minimal and ambiguous, limiting confident classification Phase 2 already flagged this Relevant record for manual review.",Phase 3 audit: the sentence is too brief for a recognition stage. Phase 2 manual review remains relevant. F8 is safer.,The earlier review note already marked the sentence as too brief. F5 is now removed.,Human-review audit: REC_021
REC_022,primary_failure_stage,F5 — Recognition Gap,F8 — Unknown / Insufficient Evidence,"The sought photo is found. Later scrolling is for other photos from the same event, which is not recognition of the original target.",F5 audit: REC_022 over-attributed
REC_022,retrieval_outcome,Not Found,Found,The post says once a looked-for photo is found. Not Found contradicts that sentence.,F5 audit: REC_022 outcome contradicted the text
REC_022,candidate_overload_signal,Yes,Unknown,"The large set is the library timeline after leaving search, not a described candidate list.",F5 audit: REC_022
REC_022,recognition_difficulty_signal,Yes,Unknown,The target photo was found. Recognition difficulty is not described.,F5 audit: REC_022
REC_022,failure_reason,Difficulty locating other event photos due to large volume and need to manually scroll,"After a looked-for photo is found, seeing other photos from the same event requires noting the date and time, leaving search, and scrolling through tens of thousands of photos.",The scrolling steps are explicit. The previous reason framed them as a recognition failure.,F5 audit: REC_022
REC_022,ai_interpretation,"User finds a photo, then must note its date/time, exit search, and manually scroll through many photos to find other images from the same event, indicating a recognition challenge","Once a looked-for photo is found, the person notes the date and time, leaves search, and scrolls through tens of thousands of photos to see others from the same event.",The previous interpretation called this a recognition challenge. The text does not say that.,F5 audit: REC_022
REC_022,confidence,Medium,Low,"The behavior is clear, but it does not fit a recognition stage.",F5 audit: REC_022
REC_022,needs_human_review,False,True,The taxonomy does not clearly name this post-retrieval browsing step.,F5 audit: REC_022
REC_022,human_review_reason,,"Phase 3 audit: the first photo is found. The remaining difficulty is scrolling to other event photos, which is not a recognition gap.",This record was not previously flagged. The saved outcome also contradicted the text.,F5 audit: REC_022
REC_024,failure_reason,Descriptions not indexed in search results,Photos do not appear when the person searches the words from descriptions they added.,The previous reason said the descriptions were not indexed. The text says the photos do not appear.,High-strength audit: REC_024 indexed wording inferred
REC_024,query_difficulty_signal,No,Unknown,The post does not discuss whether the description words were hard to turn into a query.,Signal rule: No was absence of evidence
