record_id,source,date,original_text,source_url
REC_001,Reddit,2025-03-15,"I wanted to find this photo the other day, and no amount of search parameters found it. I finally had to scroll through years of photos from the time frame that I remember my Grandma having this cat.",https://www.reddit.com/r/googlephotos/comments/1jbiao1/
REC_002,Reddit,2025-12-27,"If I want to find a photo of something and show it to someone, I have to remember the date I took it and scroll back through the history and get the date right.",https://www.reddit.com/r/googlephotos/comments/1px47il/googleif_youre_listening_your_photos_app_is_a/
REC_003,Reddit,2022-09-22,I have a recent photo that has something very distinct in it. I am trying to find an older photo I have of that same item but I have so many photos I can't find it and I don't remember when I took the photo.,https://www.reddit.com/r/googlephotos/comments/xl693t/is_there_a_way_to_search_google_photos_using_a/
REC_004,Reddit,2026-08-01,"I have an Album in Google Photos that has more than 1400 pics in it. I can't easily find the pics I need to move around, not when I'm looking thru 1400 pics.",https://www.reddit.com/r/googlephotos/comments/1vcu3cs/finding_specific_photo_in_a_large_album/
REC_005,Reddit,2024-09-06,"You could search 'bike' and any photo, screenshot, etc with a bike in it would show up, along with any image with the text 'bike'. Search results are now giving me photos that have nothing to do with the search term.",https://www.reddit.com/r/googlephotos/comments/1fa4fg1/what_happened_to_the_search_feature_on_the_app/
REC_006,Reddit,2026-09-19,"When I search for 'dog', only 6 pictures come up even though I am SURE I have more dog photos. Searching by date does work but I really wanted it to work for the keywords.",https://www.reddit.com/r/googlephotos/comments/1wkh4be/search_function_only_shows_very_few_photos/
REC_007,Reddit,2025-06-26,Does anyone have a way to search for specific photos and or videos? I had renamed some of them with keywords to make it easier to find but it doesn't look like that will work anymore.,https://www.reddit.com/r/googlephotos/comments/1lklsk2/classic_search_is_gone/
REC_008,Reddit,2024-09-22,"It has always been my godsend for finding specific photos from years gone by, thanks to the search function being so pinpoint using the littlest of terms. In recent months it now feels nearly impossible to find anything.",https://www.reddit.com/r/googlephotos/comments/1fmvxd6/
REC_009,Google Photos Community,2024-11-20,I will type in the most basic thing to search for a photo and it said not found.,https://support.google.com/photos/thread/308953776/i-can%E2%80%99t-search-my-photos-up-like-i-used-to-before-google-photos-was-the-easiest-what-happened-jus?hl=en
REC_010,Google Photos Community,2019-04-30,It doesn't let me look at my older photos for long and makes me lose my place when I'm looking for something.,https://support.google.com/photos/thread/5159882/pictures-keep-reloading-scrolling-to-top?hl=en
