record_id,source,date,original_text,source_url,relevance_label,relevance_reason,evidence_excerpt,review_required
REC_001,Reddit,2025-03-15,"I wanted to find this photo the other day, and no amount of search parameters found it. I finally had to scroll through years of photos from the time frame that I remember my Grandma having this cat.",https://www.reddit.com/r/googlephotos/comments/1jbiao1/,Relevant,"User searches for a specific remembered photo (Grandma's cat), fails with search parameters, and is forced to manually scroll through years of photos.","I wanted to find this photo the other day, and no amount of search parameters found it.",False
REC_002,Reddit,2025-12-27,"If I want to find a photo of something and show it to someone, I have to remember the date I took it and scroll back through the history and get the date right.",https://www.reddit.com/r/googlephotos/comments/1px47il/googleif_youre_listening_your_photos_app_is_a/,Relevant,User describes the friction of needing to remember the exact capture date and manually scrolling back through history to find a photo.,"If I want to find a photo of something and show it to someone, I have to remember the date I took it and scroll back through the history",False
REC_003,Reddit,2022-09-22,I have a recent photo that has something very distinct in it. I am trying to find an older photo I have of that same item but I have so many photos I can't find it and I don't remember when I took the photo.,https://www.reddit.com/r/googlephotos/comments/xl693t/is_there_a_way_to_search_google_photos_using_a/,Relevant,User is searching for an older photo of a remembered distinct item in a large collection without remembering the date.,I am trying to find an older photo I have of that same item but I have so many photos I can't find it and I don't remember when I took the photo.,False
REC_004,Reddit,2026-08-01,"I have an Album in Google Photos that has more than 1400 pics in it. I can't easily find the pics I need to move around, not when I'm looking thru 1400 pics.",https://www.reddit.com/r/googlephotos/comments/1vcu3cs/finding_specific_photo_in_a_large_album/,Relevant,User experiences difficulty locating specific photos within a large album containing over 1400 images.,"I can't easily find the pics I need to move around, not when I'm looking thru 1400 pics.",False
REC_005,Reddit,2024-09-06,"You could search 'bike' and any photo, screenshot, etc with a bike in it would show up, along with any image with the text 'bike'. Search results are now giving me photos that have nothing to do with the search term.",https://www.reddit.com/r/googlephotos/comments/1fa4fg1/what_happened_to_the_search_feature_on_the_app/,Relevant,Keyword search for 'bike' returns irrelevant candidate photos unrelated to the search term.,Search results are now giving me photos that have nothing to do with the search term.,False
REC_006,Reddit,2026-09-19,"When I search for 'dog', only 6 pictures come up even though I am SURE I have more dog photos. Searching by date does work but I really wanted it to work for the keywords.",https://www.reddit.com/r/googlephotos/comments/1wkh4be/search_function_only_shows_very_few_photos/,Relevant,"Keyword search for 'dog' surfaces only a tiny fraction of existing photos, leaving candidate retrieval incomplete.","When I search for 'dog', only 6 pictures come up even though I am SURE I have more dog photos.",False
REC_007,Reddit,2025-06-26,Does anyone have a way to search for specific photos and or videos? I had renamed some of them with keywords to make it easier to find but it doesn't look like that will work anymore.,https://www.reddit.com/r/googlephotos/comments/1lklsk2/classic_search_is_gone/,Relevant,User is seeking ways to search for specific photos and videos after previously used keyword renaming ceased working.,Does anyone have a way to search for specific photos and or videos?,False
REC_008,Reddit,2024-09-22,"It has always been my godsend for finding specific photos from years gone by, thanks to the search function being so pinpoint using the littlest of terms. In recent months it now feels nearly impossible to find anything.",https://www.reddit.com/r/googlephotos/comments/1fmvxd6/,Relevant,User reports breakdown in finding specific older photos using search keywords that formerly pinpointed items.,"finding specific photos from years gone by, thanks to the search function being so pinpoint using the littlest of terms.",False
REC_009,Google Photos Community,2024-11-20,I will type in the most basic thing to search for a photo and it said not found.,https://support.google.com/photos/thread/308953776/i-can%E2%80%99t-search-my-photos-up-like-i-used-to-before-google-photos-was-the-easiest-what-happened-jus?hl=en,Relevant,User executes a basic keyword search for a photo and the system returns zero results ('not found').,I will type in the most basic thing to search for a photo and it said not found.,False
REC_010,Google Photos Community,2019-04-30,It doesn't let me look at my older photos for long and makes me lose my place when I'm looking for something.,https://support.google.com/photos/thread/5159882/pictures-keep-reloading-scrolling-to-top?hl=en,Relevant,User experiences browsing and scrolling failure while looking for an older photo due to the interface reloading and resetting position.,makes me lose my place when I'm looking for something.,False
REC_011,Reddit,2026-03-14,"I am the family photo archivalist and have over half a million photos spanning 60 years uploaded to Google Photos. So, I can't just scroll through to find what I want. Search for 'Sunfish' found nothing even though I have hundreds of close-up photos.",https://www.reddit.com/r/googlephotos/comments/1rtnigs/why_has_the_search_function_stopped_working/,Relevant,Inability to retrieve remembered photos in a massive library (500k+ photos) using keyword search ('Sunfish') where manual scrolling is impossible.,Search for 'Sunfish' found nothing even though I have hundreds of close-up photos.,False
REC_012,Reddit,2026-03-02,I ask for 'yellow truck' and it finds 2 out of the 10 different days I had taken pictures of yellow trucks. I'll try different phrasing like 'pickup truck' and it'll add a few more trucks but also lose some of the yellow trucks it initially found.,https://www.reddit.com/r/googlephotos/comments/1rihxp2/sorry_if_this_has_been_asked_a_hundred_times_but/,Relevant,User describes query reformulation struggle ('yellow truck' vs 'pickup truck') with inconsistent and unstable candidate results.,I'll try different phrasing like 'pickup truck' and it'll add a few more trucks but also lose some of the yellow trucks it initially found.,False
REC_013,Reddit,2025-11-12,"I've had a dog for 10 years. Now when I search for 'dog' I get a tiny subset of the photos I used to. I search for blowtorch and get eight results, none of which contains a blowtorch.",https://www.reddit.com/r/googlephotos/comments/1ov9y8d/google_photos_search_results/,Relevant,User experiences both candidate gap (tiny subset of dog photos) and candidate mismatch (blowtorch query returns 8 items with no blowtorch).,Now when I search for 'dog' I get a tiny subset of the photos I used to.,False
REC_014,Reddit,2022-09-15,"Using the same keyword searches now brings up nothing but screenshots that contain said keywords in text. I can still find the photo manually, but not with any keywords that formerly worked.",https://www.reddit.com/r/googlephotos/comments/xenhgc/,Relevant,"Keyword search brings up screenshots of text rather than intended visual photos, forcing manual finding as fallback.","I can still find the photo manually, but not with any keywords that formerly worked.",False
REC_015,Reddit,2021-05-03,I cannot find photos that I had in a folder and they were there a month ago. They were taken in 2020. Around 5 of these missing photos show up if I type 2020 but none of the others.,https://www.reddit.com/r/googlephotos/comments/n48zmr/,Uncertain,Mixes missing folder files with search query attempts ('type 2020'); unclear whether photos disappeared due to sync/folder loss or search indexing failure.,Around 5 of these missing photos show up if I type 2020 but none of the others.,True
REC_016,Google Photos Community,2021-06-08,I am looking to search a specific photo like train museum visit. It will make it easier for me to find the pic I am looking for instead of scrolling thru all.,https://support.google.com/photos/thread/112815088/how-can-i-search-for-a-specific-photo-in-google-photos-say-want-to-find-pic-of-last-summer-garden?hl=en,Relevant,User seeks to retrieve a specific remembered experience ('train museum visit') using search rather than scrolling through everything.,I am looking to search a specific photo like train museum visit. It will make it easier for me to find the pic I am looking for instead of scrolling thru all.,False
REC_017,Reddit,2021-12-10,I'm trying to find a photo by its exact filename. I tried several options but had no luck; the searches return all the photos taken on that date instead of the exact file.,https://www.reddit.com/r/googlephotos/comments/rd8u2q/how_do_i_search_for_photos_by_exact_filename/,Relevant,"User attempts to find a specific photo using exact filename clue, but searches return broad date-based candidates instead.",I'm trying to find a photo by its exact filename. I tried several options but had no luck,False
REC_018,Google Photos Community,2024-07-21,Can't find photos that were taken and uploaded just today. I type today's date in the search and I bizarrely get random pictures from almost ten years ago.,https://support.google.com/photos/thread/286489095/how-do-i-get-google-photo-to-show-all-my-photos-chronologically-begining-with-the-most-recent-ones?hl=en,Relevant,"User searches using a temporal clue ('today's date') to find recently uploaded photos, but candidate retrieval returns photos from ten years ago.",I type today's date in the search and I bizarrely get random pictures from almost ten years ago.,False
REC_019,Google Photos Community,2024-11-21,"I recorded a video, tagged it in the info field for the purpose of being able to look it up later. When I use the exact phrase, Photos isn't able to locate anything. Eventually I'm able to locate it by digging for a long time.",https://support.google.com/photos/thread/309151160/i-tagged-the-video-but-when-i-search-using-the-exact-wording-photos-can-t-find-it?hl=en,Relevant,"User searches for a video using a previously tagged info phrase; search fails to locate it, forcing long manual digging.","When I use the exact phrase, Photos isn't able to locate anything. Eventually I'm able to locate it by digging for a long time.",False
REC_020,Google Photos Community,2025-09-17,"If I had written something on a sticky note 2 years ago and the only thing I could remember was that it was a yellow sticky note, I could search those words and the picture would pop right up. Now it usually tells me that it can't find anything even though I know the picture is there.",https://support.google.com/photos/thread/373711674/how-do-i-use-classic-search-instead-of-ai?hl=en,Relevant,Archetypal vague memory retrieval: user recalls only visual context ('yellow sticky note') and system returns zero results for a photo known to exist.,"the only thing I could remember was that it was a yellow sticky note, I could search those words and the picture would pop right up. Now it usually tells me that it can't find anything",False
REC_021,Google Photos Community,2026-08-05,It is very difficult to search specific photo in a very long list.,https://support.google.com/photos/thread/457424484/cannot-suppress-automatic-thumbnail-sizing?hl=en,Relevant,"User expresses difficulty searching for a specific photo within a large list, though the statement is very brief and borderline.",It is very difficult to search specific photo in a very long list.,True
REC_022,Reddit,2024-12-29,"Once I find a photo that I was looking for, I usually want to browse other photos from that same event. I have to note the date/time, navigate out of search results, and scroll through tens of thousands of photos to the exact date/time.",https://www.reddit.com/r/googlephotos/comments/1hp4jkj/,Relevant,"User experiences post-retrieval browsing friction: after locating an initial photo, finding surrounding event photos requires manual timeline scrolling through tens of thousands of images.","Once I find a photo that I was looking for, I usually want to browse other photos from that same event.",False
REC_023,Reddit,2026-03-19,"When I search for keywords in the Google Photos app or on the web, I only get results from photos backed up from an old phone, from 2023 or earlier. No photos I've taken with my current phone show up.",https://www.reddit.com/r/googlephotos/comments/1ry4xbq/search_only_shows_old_photos_from_years_ago_no/,Uncertain,Mixes keyword search behavior with multi-device backup status; unclear whether new phone photos are unbacked/unsynced or failing search indexing.,"When I search for keywords in the Google Photos app or on the web, I only get results from photos backed up from an old phone",True
REC_024,Google Photos Community,2025-11-07,"I added descriptions to several of my photos, but when I try to search using the words from those descriptions, the photos do not appear in the search results.",https://support.google.com/photos/thread/385905876/unable-to-search-photos-by-description-in-google-photos?hl=en,Relevant,"User searches using remembered words from added descriptions, but photos fail to appear in search candidate results.","when I try to search using the words from those descriptions, the photos do not appear in the search results.",False
